Name,Type,Subtype,Prerequisite,Description,Additional Notes,Martial,Spellcasting,Mastery,Offensive,Defensive,Skill,Racial,Flavour,Exclusive,Prereq,Rest,Exploration,Roleplay,Movement,Meta,Piety
Chaos Breath,Chromatic,Chaos,"10+ Piety with Tiamat, Dragonborn","Your Breath Weapon trait is replaced with the following trait:
When you take the Attack action on your turn, you can replace one of your attacks with an exhalation of magical energy in a 30-foot line that is 4 feet wide. Each creature in that area must make a Dexterity saving throw (DC = 8+ your Constitution modifier + your proficiency bonus). On a failed save they take 1d4 fire, lightning, poison, acid and cold damage, or half as much on a successful save. This damage increases to 1d6 at 5th level, 1d8 at 11th level and 1d12 at 17th level.
You can use your Breath Weapon a number of times equal to your proficiency bonus and regain all expended uses when you finish a long rest.",,FALSE,FALSE,FALSE,TRUE,FALSE,FALSE,TRUE,FALSE,FALSE,FALSE,FALSE,FALSE,FALSE,FALSE,FALSE,TRUE
Knight of Chaos,Chromatic,Chaos,10+ Piety with Tiamat,"Whenever you take fire, lightning, poison, acid or cold damage you may use your reaction to make a weapon attack against a target other than the source of the damage. If you hit you deal an additional 1d4 damage of the damage that you took. You may use this reaction a number of times equal to your Wisdom modifier and regain all uses after a long rest.",,TRUE,FALSE,FALSE,TRUE,FALSE,FALSE,FALSE,FALSE,FALSE,TRUE,FALSE,FALSE,FALSE,FALSE,FALSE,TRUE
Elemental Rest,Chromatic,Chaos,No other Rest Traits and 10+ piety with Tiamat,"During a short rest you and any creature of your choice become resistant to two of the following damage types: fire, lightning, poison, acid or cold, as long as they remain within 300 feet of where you are taking your rest. ",,FALSE,FALSE,FALSE,FALSE,TRUE,FALSE,FALSE,FALSE,FALSE,FALSE,TRUE,TRUE,FALSE,FALSE,FALSE,TRUE
Frightening Breaths,Chromatic,Chaos,Chromatic Dragonborn,"Whenever a creature fails their saving throw against your Breath Weapon by 5 or more they become frightened of you for the next minute. They may repeat their saving throw at the end of their turn, ending the effect on a success. ",,FALSE,FALSE,FALSE,TRUE,FALSE,FALSE,TRUE,FALSE,FALSE,FALSE,FALSE,FALSE,FALSE,FALSE,FALSE,FALSE
Gold Hoarder,Chromatic,Fire,,"For every 1000 gold pieces worth of coins you have in your possession, you gain a +1 bonus to Charisma ability checks, to a maximum of your Wisdom modifier.",,FALSE,FALSE,FALSE,FALSE,FALSE,TRUE,FALSE,TRUE,FALSE,FALSE,FALSE,FALSE,FALSE,FALSE,FALSE,FALSE
Molten Breath,Chromatic,Fire,Red Dragonborn,"Whenever you use your breath weapon you leave a trail of melting ground behind. For the next round, any creature that enters the breath’s area for the first time on a turn or starts its turn there takes 1d10 fire damage.",,FALSE,FALSE,FALSE,TRUE,FALSE,FALSE,TRUE,FALSE,FALSE,FALSE,FALSE,FALSE,FALSE,FALSE,FALSE,FALSE
Knight of Flame,Chromatic,Fire,Warrior of Flame ,"The damage from your Warrior of Flame trait increases to 3d6. Additionally you gain an aura of heat around you. Whenever a creature comes within 10 feet of you, you may use your reaction to deal fire damage equal to your proficiency bonus to them. You may use this feature a number of times equal to your Wisdom modifier (minimum of once). You regain all uses on a long rest. ",,TRUE,FALSE,FALSE,TRUE,FALSE,FALSE,FALSE,FALSE,FALSE,TRUE,FALSE,FALSE,FALSE,FALSE,FALSE,FALSE
Red Rest,Chromatic,Fire,No other Rest Traits,Your evil emanates from you while you rest. While taking a short rest celestials and good aligned creatures within a range of 300 feet have their maximum hit points lowered by an amount equal to your Proficiency bonus times your Wisdom modifier. As soon as you or them leave this area the reduction ends. ,,FALSE,FALSE,FALSE,TRUE,FALSE,FALSE,FALSE,FALSE,FALSE,FALSE,TRUE,TRUE,FALSE,FALSE,FALSE,FALSE
Extreme Heat,Chromatic,Fire,,"Once per long rest when you deal fire damage, treat immunity as resistance instead and resistance as nothing. ",,FALSE,TRUE,FALSE,TRUE,FALSE,FALSE,FALSE,FALSE,FALSE,FALSE,FALSE,FALSE,FALSE,FALSE,FALSE,FALSE
Furnaced Fire,Chromatic,Fire,,Whenever you deal fire damage to a creature you may choose to apply the effect of Heat Metal to a metal object they are wearing or have on them too. The effect lasts until the start of your next turn. You may use this ability a number of times equal to your Wisdom modifier and regain all uses at the end of a long rest. ,,FALSE,TRUE,FALSE,TRUE,FALSE,FALSE,FALSE,FALSE,FALSE,FALSE,FALSE,FALSE,FALSE,FALSE,FALSE,FALSE
Power from Destruction,Chromatic,Fire,,At the end of your turn you may count the total number of damage dice you dealt. You regain hit points equal to this amount. You may use this ability a number of times equal to your Wisdom modifier and regain all uses at the end of a long rest. ,,FALSE,FALSE,FALSE,TRUE,TRUE,FALSE,FALSE,FALSE,FALSE,FALSE,FALSE,FALSE,FALSE,FALSE,FALSE,FALSE
Nightmare Breath,Chromatic,Fungi,"Deep Dragonborn, Tier 1 Fey Trait","Any creature that fails its saving throw against your breath weapon is frightened of you. They can repeat the save at the end of their turns, ending the effect on a failure. ",,FALSE,FALSE,FALSE,TRUE,FALSE,FALSE,TRUE,FALSE,FALSE,TRUE,FALSE,FALSE,FALSE,FALSE,FALSE,FALSE
Knight of Spores,Chromatic,Fungi,"Warrior of Spores
Tier 1 Fey Trait","The damage from your Warrior of Spores trait increases to 2d8 and the radius increases by 5 feet to a total of 10 feet. Additionally the creatures become frightened of you and one another. They can repeat the save at the end of their turns, ending the effect on a failure.",,FALSE,FALSE,FALSE,TRUE,FALSE,FALSE,TRUE,FALSE,FALSE,TRUE,FALSE,FALSE,FALSE,FALSE,FALSE,FALSE
Deep Rest,Chromatic,Fungi,No other Rest Traits and a Tier 1 Fey Orenth Trait,Creatures around the area where you spend your short rest become more easily frightened and poisoned. Every creature that comes within 300 feet of where you spend your short rest becomes vulnerable to poison damage and gains disadvantage on saving throws against the Poisoned and Frightened condition. You and any creatures of your choice are immune to these effects. The effect ends as you or the creature leaves the area. ,,FALSE,FALSE,FALSE,TRUE,FALSE,FALSE,FALSE,FALSE,FALSE,TRUE,TRUE,TRUE,FALSE,FALSE,FALSE,FALSE
Knight of Storm,Chromatic,Lightning,Warrior of Storm,Your attacks become charged. Whenever you hit a creature with an attack roll you may also use your reaction to deal additional lightning damage equal to your Wisdom modifier to a creature within 5 feet of them.,,TRUE,FALSE,FALSE,TRUE,FALSE,FALSE,FALSE,FALSE,FALSE,FALSE,FALSE,FALSE,FALSE,FALSE,FALSE,FALSE
Nightmare Spores,Chromatic,Fungi,"A tier 1 Fey Orenth trait, Deep Dragonborn. ","When you take the Attack action on your turn, you can replace one of your attacks with an exhalation in a 15-foot cone. The save DC for this breath is 8 + your Constitution modifier + your proficiency bonus. Any creature in the cone must succeed on a Wisdom saving throw or become frightened of you for 1 minute. They may repeat the saving throw at the end of their turns. You may use this feature once per Long Rest. ",,FALSE,FALSE,FALSE,TRUE,FALSE,FALSE,TRUE,FALSE,FALSE,TRUE,FALSE,FALSE,FALSE,FALSE,FALSE,FALSE
Zapping Breath,Chromatic,Lightning,Blue Dragonborn,"Instead of breathing your breath in a straight line you may instead target any number of creatures, but the total distance the lightning travels can’t supercede the length of your breath weapon.",,FALSE,FALSE,FALSE,TRUE,FALSE,FALSE,TRUE,FALSE,FALSE,FALSE,FALSE,FALSE,FALSE,FALSE,FALSE,FALSE
Blue Rest,Chromatic,Lightning,No other Rest Traits,"During a short rest small illusions start appearing around you to dissuade unwanted visitors. These illusions are equivalent to up to 1 casting of Major Image and a number of castings of the silent image spell equal to your Wisdom modifier within 300 feet of where you are taking your long rest, using your Wisdom as the spellcasting ability. As soon as you leave this area the effects end. ",,FALSE,TRUE,FALSE,FALSE,TRUE,FALSE,FALSE,FALSE,FALSE,FALSE,TRUE,TRUE,FALSE,FALSE,FALSE,FALSE
Muscle Spasm,Chromatic,Lightning,,Once per turn when you deal damage to a creature you can immediately force it to use its reaction to make a melee attack against a random creature within its reach. You can use ability a number of times equal to your Wisdom Modifier and you regain all expended uses on a long rest. ,,FALSE,FALSE,FALSE,TRUE,FALSE,FALSE,FALSE,FALSE,FALSE,FALSE,FALSE,FALSE,FALSE,FALSE,FALSE,FALSE
Overcharged,Chromatic,Lightning,,"Once per long rest when you deal lightning damage, treat immunity as resistance instead and resistance as nothing. ",,FALSE,FALSE,FALSE,TRUE,FALSE,FALSE,FALSE,FALSE,FALSE,FALSE,FALSE,FALSE,FALSE,FALSE,FALSE,FALSE
Corrosive Breath,Chromatic,Water,Black Dragonborn,The armor class of a creature decreases by 1 whenever they fail their saving throw against your breath. Their armor class returns to normal after a Short Rest.,,FALSE,FALSE,FALSE,TRUE,FALSE,FALSE,TRUE,FALSE,FALSE,FALSE,FALSE,FALSE,FALSE,FALSE,FALSE,FALSE
Knight of Water,Chromatic,Water,Warrior of Water,Your swimming speed increases by an additional 15 feet. Additionally while underwater your attacks deal an additional 1d6 acid damage.,,FALSE,FALSE,FALSE,TRUE,FALSE,FALSE,FALSE,FALSE,FALSE,TRUE,FALSE,FALSE,FALSE,TRUE,FALSE,FALSE
Black Rest,Chromatic,Water,No other Rest Traits,The water fouls in the area around where you are taking a short rest. Whenever a creature within 300 feet of you starts its turn touching natural water it takes 1d6 acid damage. If the creature is fully submerged it takes 2d6 acid damage. You and any creatures of your choice are immune to this effect. The effect ends as soon as you leave the area. ,,FALSE,FALSE,FALSE,TRUE,FALSE,FALSE,FALSE,FALSE,FALSE,FALSE,TRUE,TRUE,FALSE,FALSE,FALSE,FALSE
Weakness Exploitation,Chromatic,Water,Spellcasting,A creature takes the maximum amount of damage whenever they critically fail on their saving throw against a damage-dealing spell you cast. ,,FALSE,TRUE,FALSE,TRUE,FALSE,FALSE,FALSE,FALSE,FALSE,FALSE,FALSE,FALSE,FALSE,FALSE,FALSE,FALSE
Pure Acid,Chromatic,Water,,Once per long rest when you deal acid damage treat immunity as resistance instead and resistance as nothing. ,,FALSE,FALSE,FALSE,TRUE,FALSE,FALSE,FALSE,FALSE,FALSE,FALSE,FALSE,FALSE,FALSE,FALSE,FALSE,FALSE
The Winds are on my Side.,Chromatic,Weapon Mastery,Exclusive,You get the benefits of the Grinding Halt Orenth Trait. Whenever you use the feature you may make the creature that pushed you make the saving throw also. On a failure they are pushed the distance away from you instead. Any other effects that result from the saving throw still only apply to you. ,,TRUE,FALSE,TRUE,FALSE,TRUE,FALSE,FALSE,FALSE,TRUE,FALSE,FALSE,FALSE,FALSE,TRUE,FALSE,FALSE
Fungal Fear,Chromatic,Weapon Mastery,Exclusive and a tier 1 Fey Orenth trait,You get the benefits of the Fearsome Accuracy Orenth trait. Additionally whenever you hit a creature at the edge of your range you deal an additional 1d6 psychic damage to them. ,,TRUE,FALSE,TRUE,TRUE,FALSE,FALSE,FALSE,FALSE,TRUE,FALSE,FALSE,FALSE,FALSE,FALSE,FALSE,FALSE
Elemental Fighting Expert,Chromatic,Weapon Mastery,,"If you have advantage on the attack roll and you hit, you may deal an additional 1d4 damage. The damage type of this extra damage can either be fire, lightning, poison, acid or cold (choose when you pick this trait).",,TRUE,FALSE,TRUE,TRUE,FALSE,FALSE,FALSE,FALSE,FALSE,FALSE,FALSE,FALSE,FALSE,FALSE,FALSE,FALSE
Elemental Deflection,Chromatic,Weapon Mastery,Exclusive,"You gain the benefits of the Deflective Weapons Orenth trait. Whenever you make a saving throw to avoid taking Elemental Damage, you may also use your reaction to roll the dice and add it to your saving throw. ",,TRUE,FALSE,TRUE,FALSE,TRUE,FALSE,FALSE,FALSE,TRUE,FALSE,FALSE,FALSE,FALSE,FALSE,FALSE,FALSE
Freezing Breath,Chromatic,Wind,White Dragonborn,"Whenever you use your breath weapon it leaves a trail of icy ground. For the next round, any creature that enters the breath’s area for the first time on a turn or starts its turn there needs to make a dexterity save against your breath DC. On a failure they fall prone.",,FALSE,FALSE,FALSE,TRUE,FALSE,FALSE,TRUE,FALSE,FALSE,FALSE,FALSE,FALSE,FALSE,TRUE,FALSE,FALSE
Knight of Wind,Chromatic,Wind,Warrior of Wind,"The distance you can push a creature using your Warrior of Wind trait increases by 15 feet, and you may push the creature up to 20 feet vertically as well.",,TRUE,FALSE,FALSE,TRUE,FALSE,FALSE,FALSE,FALSE,FALSE,TRUE,FALSE,FALSE,FALSE,TRUE,FALSE,FALSE
White Rest,Chromatic,Wind,No other Rest Traits,"Strong winds surround your place of rest. While you are taking a short rest, strong winds blow outward from your resting place. Any creature within 300 feet of where you are taking your rest that attempts to come closer to you must spend 3 feet of movement for every 1 foot moved. You and any creature of your choice are immune to this effect.  ",,FALSE,FALSE,FALSE,FALSE,TRUE,FALSE,FALSE,FALSE,FALSE,FALSE,TRUE,TRUE,FALSE,TRUE,FALSE,FALSE
Biting cold,Chromatic,Wind,,Once per long rest when you deal cold damage treat immunity as resistance instead and resistance as nothing. ,,FALSE,FALSE,FALSE,TRUE,FALSE,FALSE,FALSE,FALSE,FALSE,FALSE,FALSE,FALSE,FALSE,FALSE,FALSE,FALSE
Knight of Wood,Chromatic,Wood,Warrior of Wood,The damage from your Warrior of Wood trait increases to 1d6. Additionally you have advantage on attack rolls against poisoned creatures.,,TRUE,FALSE,FALSE,TRUE,FALSE,FALSE,FALSE,FALSE,FALSE,TRUE,FALSE,FALSE,FALSE,FALSE,FALSE,FALSE
Vine Grapple,Chromatic,Wood,,When you grapple a creature you may choose to restrain them too until the end of the grapple. While the grapple persists you also have a speed of 0. You may grapple a creature in this way a number of times equal to your Wisdom modifier. You regain all uses after a long rest.,,TRUE,FALSE,FALSE,TRUE,TRUE,FALSE,FALSE,FALSE,FALSE,FALSE,FALSE,FALSE,FALSE,TRUE,FALSE,FALSE
Poisonous Cloud,Chromatic,Wood,Green Dragonborn,Instead of breathing your breath in a straight line you can choose to spit out a poisonous cloud instead. Any creature within 10 feet of a point you can see within 60 feet becomes the target on your breath weapon.,,FALSE,FALSE,FALSE,TRUE,FALSE,FALSE,TRUE,FALSE,FALSE,FALSE,FALSE,FALSE,FALSE,FALSE,FALSE,FALSE
Green Rest,Chromatic,Wood,No other Rest Traits,"Vegetation grows wild around where you take your short rest. Within 300 feet of where you are taking your rest, plants become difficult terrain. Additionally as an action you may attempt to grapple a creature that is in this difficult terrain, using your Wisdom in place of Strength for the attack roll and save DC. These effects end as soon as you leave the area.",,FALSE,FALSE,FALSE,TRUE,TRUE,FALSE,FALSE,FALSE,FALSE,FALSE,TRUE,TRUE,FALSE,TRUE,FALSE,FALSE
Suffering Without End,Chromatic,Wood,Endured Suffering,"Once per long rest when you cast a spell that has repeated saving throws to end an effect, you choose to especially torture a single target of the spell. If they fail the initial save they automatically fail all other saving throws. ",,FALSE,TRUE,FALSE,TRUE,FALSE,FALSE,FALSE,FALSE,FALSE,TRUE,FALSE,FALSE,FALSE,FALSE,FALSE,FALSE
Evolved Poison,Chromatic,Wood,,"Once per long rest when you deal poison damage, treat immunity as resistance instead and resistance as nothing. ",,FALSE,FALSE,FALSE,TRUE,FALSE,FALSE,FALSE,FALSE,FALSE,FALSE,FALSE,FALSE,FALSE,FALSE,FALSE,FALSE
Exhaustive Poison,Chromatic,Wood,,"Whenever you give a creature the poisoned condition, you also give them one level of exhaustion that lasts until the poisoned condition ends. ",,FALSE,FALSE,FALSE,TRUE,FALSE,FALSE,FALSE,FALSE,FALSE,FALSE,FALSE,FALSE,FALSE,FALSE,FALSE,FALSE
Control of the Woods,Chromatic,Wood,,You can cast enlarge/reduce as an action without expending a spellslot as long as you are targetting a plant. You use Wisdom as your spellcasting ability. ,,FALSE,TRUE,FALSE,FALSE,FALSE,FALSE,FALSE,TRUE,FALSE,FALSE,FALSE,FALSE,FALSE,FALSE,FALSE,FALSE
Enhanced Chromatic Warding,Chromatic,,"5th Level
Chromatic Dragonborn","You may now use your Chromatic Warding ability twice per long rest. Additionally you may deal additional damage equal to your proficiency bonus whenever you deal damage while your Chromatic Warding is active. You may do this once per turn, and the damage type is the one associated with your ancestry.",,TRUE,TRUE,FALSE,TRUE,FALSE,FALSE,TRUE,FALSE,FALSE,FALSE,FALSE,FALSE,FALSE,FALSE,FALSE,FALSE
Back to Basics,Chromatic,,Kobold,"You return to a more primal version of yourself. You get the Pack Tactics feature, granting advantage against enemies while an ally is within 5 feet of the opponent. In addition, you get Sunlight Sensitivity, giving disadvantage on attack rolls and Wisdom(Perception) checks while you or the target is in direct sunlight.",,TRUE,FALSE,FALSE,TRUE,FALSE,TRUE,FALSE,FALSE,FALSE,FALSE,FALSE,FALSE,FALSE,FALSE,FALSE,FALSE
Spell Defyance,Cosmic,Abberant,,"Your connection to your Orenth has granted you a greater resistance to magic.
You gain advantage on saving throws against spells you currently have prepared and resistance against spells you currently have prepared. ",,FALSE,TRUE,FALSE,FALSE,TRUE,FALSE,FALSE,FALSE,FALSE,FALSE,FALSE,FALSE,FALSE,FALSE,FALSE,FALSE
Uneasy Unevennes,Cosmic,Abberant,,"Whenever dice are rolled for damage within 60 feet of you, you can use your reaction to increase or decrease the dice size by one. For example, if the damage is 4d10, you now roll 4d11. You may use this ability a number of times equal to your Intelligence modifier and regain all uses at the end of a long rest. ",,FALSE,FALSE,FALSE,TRUE,TRUE,FALSE,FALSE,FALSE,FALSE,FALSE,FALSE,FALSE,FALSE,FALSE,FALSE,FALSE
Sun Poisoning,Cosmic,Sun,,"You stare at someone with the sickening intensity of the sun as a bonus action. They must make a Constitution saving throw (DC=8+proficiency bonus+your Wisdom) or their strength attacks deal half damage for the next minute. They can repeat the saving throw at the end of their turn, ending the effect on a success. You may use this ability a number of times equal to your Constitution modifier and regain all uses after a long rest. ",,FALSE,FALSE,FALSE,TRUE,TRUE,FALSE,FALSE,FALSE,FALSE,FALSE,FALSE,FALSE,FALSE,FALSE,FALSE,FALSE
Careful Thinker,Fey,Elf,Elf or half-elf,You can decide to take ten times as much time for an ability check as it would normally take. When you make the check you may treat any number rolled lower than a thrice your proficiency bonus as if you rolled a value equal to thrice your proficiency bonus instead. You may use this feature a number of times equal to your Charisma modifier and regain all uses after you finish a long rest.,,FALSE,FALSE,FALSE,FALSE,FALSE,TRUE,TRUE,FALSE,FALSE,FALSE,FALSE,FALSE,FALSE,FALSE,FALSE,FALSE
Light as Air,Fey,Elf,Elf or half-elf,You become resistant to fall damage. You can use creatures of your size as mounts.,,FALSE,FALSE,FALSE,FALSE,TRUE,FALSE,TRUE,TRUE,FALSE,FALSE,FALSE,FALSE,TRUE,TRUE,FALSE,FALSE
Rest of Il Fusto,Fey,Elf,No other Rest Traits,While taking a short rest you channel the healing energy of Il Fusto. Within 300 feet of you Fusto Berries start growing. You can spend 10 minutes to make a DC12 Wisdom (Survival) check. Each creature in the area can attempt this check once. On a success you find 1d4 Fusto berries. You cannot regain more hit points than your level from eating Fusto berries in one day. For the next 24 hours you do not age and you are immune to effects that increase your age. ,,FALSE,FALSE,FALSE,FALSE,TRUE,FALSE,FALSE,FALSE,FALSE,FALSE,TRUE,TRUE,FALSE,FALSE,FALSE,FALSE
Elvenier Eyes,Fey,Elf,Elven Eyes,You get Expertise in Perception,,FALSE,FALSE,FALSE,FALSE,FALSE,TRUE,FALSE,FALSE,FALSE,TRUE,FALSE,TRUE,FALSE,FALSE,FALSE,FALSE
Wilderness Trance,Fey,Elf,Trance,While taking a short rest out in the wilderness you are able to perform a travel activity. You can perform this activity without leaving your camp for too long.  ,,FALSE,FALSE,FALSE,FALSE,FALSE,TRUE,TRUE,TRUE,FALSE,FALSE,TRUE,TRUE,TRUE,FALSE,FALSE,FALSE
Fey Mind,Fey,Elf,Fey Blood,You are immune to the charmed condition. ,,FALSE,FALSE,FALSE,FALSE,TRUE,FALSE,TRUE,FALSE,FALSE,TRUE,FALSE,FALSE,FALSE,FALSE,FALSE,FALSE
Aura of Strategy,Gem,Sapphire,Hobgoblin,"Once per long rest, as an action, you can utter a special command or warning. For the next minute, whenever a nonhostile creature that you can see within 30 feet of you makes an attack roll or a saving throw, the creature can add a d4 to its roll provided it can hear and understand you. This effect ends if you are incapacitated.",,FALSE,FALSE,FALSE,FALSE,TRUE,FALSE,TRUE,FALSE,FALSE,FALSE,FALSE,FALSE,FALSE,FALSE,FALSE,FALSE
Advanced Weird Magic,Fey,Hag ,Weird Magic,You may now roll on the Weird magic table twice and pick which of the two effects you want to make happen. Additionally you may use it once per short rest. ,,FALSE,TRUE,FALSE,FALSE,FALSE,FALSE,FALSE,FALSE,FALSE,TRUE,FALSE,FALSE,FALSE,FALSE,FALSE,FALSE
Annis Hag's Hugs,Fey,Hag ,,Whenever you grapple a creature you may also deal bludgeoning damage to the creature at the end of your turns. You deal damage equal to your Strength modifier plus your Charisma modifier.,,TRUE,FALSE,FALSE,TRUE,FALSE,FALSE,FALSE,FALSE,FALSE,FALSE,FALSE,FALSE,FALSE,TRUE,FALSE,FALSE
Green Hag's Voice,Fey,Hag ,,You can perfectly replicate any sound you’ve heard before. Additionally you can throw your voice to originate from any point within 60 feet of you.,,FALSE,FALSE,FALSE,FALSE,FALSE,TRUE,FALSE,TRUE,FALSE,FALSE,FALSE,FALSE,TRUE,FALSE,FALSE,FALSE
Sea Hag's Glare,Fey,Hag ,,"As a bonus action you may glare at a creature within 15 feet of you that can see you. They must make a Wisdom saving throw (DC = 8+your proficiency bonus+your Charisma modifier), on a failure they become frightened of you for the next minute. The target can repeat the saving throw at the end of each of its turns, ending the effect on itself on a success. If a creature's saving throw is successful or the effect ends for it, the creature is immune to your glare for the next 24 hours.
You may use this feature a number of times equal to your Charisma modifier and regain all uses at the end of a long rest. ",,FALSE,FALSE,FALSE,TRUE,FALSE,FALSE,FALSE,FALSE,FALSE,FALSE,FALSE,FALSE,FALSE,FALSE,FALSE,FALSE
Night Hag's Bag,Fey,Hag ,,"As a reaction when a creature within 30 feet of you is reduced to 0 hit points you may trap their soul in your magical bag. As an action you can consume the soul, regaining a number of hit points equal to twice the creature’s CR (rounded up).",,FALSE,FALSE,FALSE,FALSE,TRUE,FALSE,FALSE,FALSE,FALSE,FALSE,FALSE,FALSE,FALSE,FALSE,FALSE,FALSE
Bheur Hag's Graystaff,Fey,Hag ,,One quarterstaff of your choice becomes your Graystaff. While you have it on your body you are under the effects of the featherfall spell. Additionally once per turn when you hit a creature with this weapon you may reduce their speed by 10 feet. Only you can benefit from the benefits of your Graystaff. You may make a different quarterstaff your Graystaff at the end of a long rest. ,,TRUE,TRUE,FALSE,TRUE,TRUE,FALSE,FALSE,FALSE,FALSE,FALSE,FALSE,FALSE,FALSE,FALSE,FALSE,FALSE
Photosynthesis,Fey,Treant,,Your skin becomes bright green. You become resistant to radiant damage and you gain a number of temporary hit points equal to your Constitution modifier whenever you start your turn in sunlight. ,,FALSE,FALSE,FALSE,FALSE,TRUE,FALSE,FALSE,TRUE,FALSE,FALSE,FALSE,FALSE,FALSE,FALSE,FALSE,FALSE
No reflection,Fey,Vampire,,"You no longer show up in divination magic and you have no reflection. Additionally, you may use your Charisma instead of your Dexterity whenever you make a Stealth check. ",,FALSE,FALSE,FALSE,FALSE,FALSE,TRUE,FALSE,TRUE,FALSE,FALSE,FALSE,FALSE,FALSE,FALSE,FALSE,FALSE
Grabby Goblin Hands,Fey,Weapon Mastery,,"Choose a Light melee weapon you have proficiency with, or your Unarmed Strikes. Once per turn when you hit with a weapon attack, you gain the Hold On condition to the target. The target must be at least one size larger than you.  ",,TRUE,FALSE,TRUE,TRUE,FALSE,FALSE,TRUE,FALSE,FALSE,FALSE,FALSE,FALSE,FALSE,FALSE,FALSE,FALSE
Fey Steps,Fey,,The ability to teleport in some way,"You can use your movement and bonus action to teleport. You can teleport to any place you would normally be able to move with your movement, ignoring difficult terrain. Creatures can make an opportunity attack against you when you teleport away from them.",,FALSE,FALSE,FALSE,FALSE,FALSE,FALSE,FALSE,FALSE,FALSE,TRUE,FALSE,FALSE,FALSE,TRUE,FALSE,FALSE
Expert Fey Bargainer,Fey,,Novice Fey Bargainer,"Roll 2d6 and 1d4 and consult the Fey Bargain Table. You gain vulnerability to the first damage type you rolled and resistance to the second, you gain resistance to the damage type you rolled with the d4. If you had resistance to a damage type that you now gained a vulnerability to, they cancel out. Whenever you get a new Orenth trait you can choose to reroll all three. ",,FALSE,FALSE,FALSE,FALSE,TRUE,FALSE,FALSE,FALSE,FALSE,TRUE,FALSE,FALSE,FALSE,FALSE,FALSE,FALSE
Minor Magic item Creator,Fey,,Gnome,Over the course of a short rest you can turn an item into a common magic item. The item must match the common magic item. You can have one such magic item at a time. ,,FALSE,TRUE,FALSE,TRUE,TRUE,FALSE,TRUE,FALSE,FALSE,FALSE,TRUE,TRUE,TRUE,FALSE,FALSE,FALSE
Collaborative Steps,Fey,,The ability to teleport in some way,Whenever you teleport you may take one additional willing creature within 5 feet of you with you. ,,FALSE,TRUE,FALSE,FALSE,FALSE,FALSE,FALSE,FALSE,FALSE,TRUE,FALSE,FALSE,FALSE,TRUE,FALSE,FALSE
Paths of the Feywild,Fey,,,At the start of your turn remember where you are standing. As a reaction at the end of another creature's turn you may teleport back to this spot. You may use this reaction a number of times equal to your Charisma modifier and regain all uses at the end of a long rest. ,,FALSE,FALSE,FALSE,FALSE,TRUE,FALSE,FALSE,FALSE,FALSE,FALSE,FALSE,FALSE,FALSE,TRUE,FALSE,FALSE
Momentum Calculation,Gem,Amethyst,,"After hitting with a weapon attack you may use your reaction to make an Intelligence (Arcana) check against the AC of the creature you hit. On a success your weapon automatically deals max damage and you expend a use of this feature. On a failure nothing happens.
Any smites, sneak attack bonuses, spells or other damage increasing effects are not maximised. But, if for example you have a magical weapon that deals an additional 1d6 fire damage, this would be maximised.
You may use this ability a number of times equal to your Intelligence modifier and regain all uses after a long rest.",,TRUE,FALSE,TRUE,FALSE,FALSE,TRUE,FALSE,FALSE,FALSE,FALSE,FALSE,FALSE,FALSE,FALSE,FALSE,FALSE
Fortitude Mimicry,Fey,,Changeling,As an action you resemble a creature you can see within range a little more. You gain immunity to two conditions they have immunity to of your choice for the next minute. You may use this action a number of times equal to your Constitution modifier and regain all uses after a long rest. ,,FALSE,FALSE,FALSE,FALSE,TRUE,FALSE,FALSE,FALSE,FALSE,FALSE,FALSE,FALSE,FALSE,FALSE,FALSE,FALSE
Singularity Breath,Gem,Amethyst,Amethyst Dragonborn,"You gain an additional use of your breath weapon. Additionally once per Long Rest you may apply the following effect to your breath in addition to the damage:
Each creature that failed their saving throw has their speed reduced to 0 until the start of your next turn.",,FALSE,FALSE,FALSE,TRUE,FALSE,FALSE,TRUE,FALSE,FALSE,FALSE,FALSE,FALSE,FALSE,TRUE,FALSE,FALSE
Shattering Shard Sling,Gem,Amethyst,,"Whenever you hit a creature with a sling attack, you deal an additional 1d4 force damage to the creature you hit and any creature within 5 feet of it.",,TRUE,FALSE,TRUE,TRUE,FALSE,FALSE,FALSE,FALSE,FALSE,FALSE,FALSE,FALSE,FALSE,FALSE,FALSE,FALSE
Planar Disruptor,Gem,Amethyst,,"You deal an additional 1d8 force damage against aberrations fiends, fey, celestials and elementals. ",,TRUE,FALSE,FALSE,TRUE,FALSE,FALSE,FALSE,FALSE,FALSE,FALSE,FALSE,FALSE,FALSE,FALSE,FALSE,FALSE
Amethyst Spellcasting,Gem,Amethyst,,Once per Short Rest when you cast a spell of first level or higher from the Transmutation school you regain a first level spellslot. ,,FALSE,TRUE,FALSE,FALSE,FALSE,FALSE,FALSE,FALSE,FALSE,FALSE,FALSE,FALSE,FALSE,FALSE,FALSE,FALSE
Amethyst Spit,Gem,Amethyst,Amethyst Dragonborn,"Whenever you use your Breath weapon, you may instead choose to spit an exploding amethyst crystal. It lands at a point you can see within 30 feet and any creature within 10 feet of the crystal must make a Dexterity saving throw or take the damage from your Breath Weapon. ",,FALSE,FALSE,FALSE,TRUE,FALSE,FALSE,TRUE,FALSE,FALSE,FALSE,FALSE,FALSE,FALSE,FALSE,FALSE,FALSE
Flash Forward,Gem,Crystal,,"Sometimes the future is uncertain, and you are able to steer the course of time into the result you desire. When you or a creature within 30 feet of you rolls damage you may roll twice and pick which one as reaction. You can use this feature a number of times equal to your Intelligence modifier. You regain all uses on a long rest. ",,TRUE,TRUE,FALSE,TRUE,FALSE,FALSE,FALSE,FALSE,FALSE,FALSE,FALSE,FALSE,FALSE,FALSE,FALSE,FALSE
Crystal Rest,Gem,Crystal,No other Rest Traits,"Being prepared is important, definitely when you’re trying to rest. When you start taking a short rest, the DM chooses an omen to send you.
Positive:. Something positive is likely to happen during your rest.
Negative: Something negative is likely to happen during your rest.
Neutral: Nothing necessarily positive or negative is likely to happen during your rest. 
Uncertain: Something is likely to happen during your rest, but the outcome of the situation can turn out either positive or negative. ",,FALSE,FALSE,FALSE,FALSE,TRUE,FALSE,FALSE,FALSE,FALSE,FALSE,TRUE,TRUE,TRUE,FALSE,FALSE,FALSE
Synced Rejuvination,Gem,Crystal,,Whenever a monster you can see regains the use of a rechargable ability (by rolling a 5/6 on a d6) you may regain a number of hit points equal to a roll of one of your hit dice + your Intelligence modifier. ,,FALSE,FALSE,FALSE,FALSE,TRUE,FALSE,FALSE,FALSE,FALSE,FALSE,FALSE,FALSE,FALSE,FALSE,FALSE,FALSE
Guided by the Stars,Gem,Crystal,,Once per long rest you and your party can travel throughout the night without gaining a level of exhaustion. This counts as an additional day of travel and you don't suffer any disadvantages from travelling at night. ,,FALSE,FALSE,FALSE,FALSE,FALSE,TRUE,FALSE,FALSE,FALSE,FALSE,FALSE,TRUE,FALSE,FALSE,FALSE,FALSE
Disorienting Breath,Gem,Emerald,Emerald Dragonborn,"You gain an additional use of your breath weapon. Additionally once per Long Rest you may apply the following effect to your breath in addition to the damage:
Each creature that fails their saving throw is forced to subtract 1d6 from all their attack rolls and ability checks until the end of their next turn.",,FALSE,FALSE,FALSE,TRUE,TRUE,FALSE,TRUE,FALSE,FALSE,FALSE,FALSE,FALSE,FALSE,FALSE,FALSE,FALSE
Emerald Rest,Gem,Emerald,No other Rest Traits,"During a short rest, you are magically hidden. Any creature that is unaware of your presence that tries to get within 300 feet of you must succeed on a Wisdom saving throw (DC=8+your proficiency bonus+your Intelligence modifer). On a failed save they come no closer and move around your resting area without learning of your presence. On a successful save they continue their original path. This effect ends when you leave this 300 foot area.",,FALSE,FALSE,FALSE,FALSE,TRUE,FALSE,FALSE,FALSE,FALSE,FALSE,TRUE,TRUE,FALSE,FALSE,FALSE,FALSE
Unseen Step ,Gem,Emerald,,"Your connection to Emerald dragons has led you to be good at being unheard and unseen. Whenever you take the Hide Action and successfully hide, you can choose to become invisible as a part of that action instead. While invisible you also do not make any sound. Your invisibility ends after one minute or if you take the Magic or Attack action.
You may use this ability once per short rest.",,FALSE,FALSE,FALSE,FALSE,TRUE,TRUE,FALSE,FALSE,FALSE,FALSE,FALSE,FALSE,FALSE,FALSE,FALSE,FALSE
Subtle Magic Expert,Gem,Emerald,Subtle Magic Adept,Whenever you cast a spell you may choose to ignore its somatic and verbal components. You may use this ability a number of times equal to your Intelligence modifier (minimum of once) and regain all uses at the end of a long rest.,,FALSE,TRUE,FALSE,FALSE,FALSE,FALSE,FALSE,FALSE,FALSE,TRUE,FALSE,FALSE,FALSE,FALSE,FALSE,FALSE
Euphoria Breath,Gem,Jade,"Jade Dragonborn
Tier 1 Fey Trait","When you take the Attack action on your turn, you can replace one of your attacks with an exhalation of magical energy in a 30-foot cone. Each creature in that area must make a Wisdom saving throw (DC=8+your Constitution modifier + your prof. Bonus), or for 1 minute, the target can’t take reactions and must roll a d6at the start of each of its turns to determine its behavior during the turn:
1–4: The target takes no action or bonus action and uses all of its movement to move in a random direction.
5–6: The target doesn’t move, and the only thing it can do on its turn is repeat the saving throw, ending the effect on itself on a success
You may use this ability once per long rest. ",,FALSE,FALSE,FALSE,TRUE,TRUE,FALSE,TRUE,FALSE,FALSE,TRUE,FALSE,FALSE,FALSE,FALSE,FALSE,FALSE
Jade Rest,Gem,Jade,No other Rest Traits and a Tier 1 Fey Orenth Trait,"Time becomes messy when you take your rest. Any creature that comes within 300 feet of where you are taking your short rest must make a Wisdom saving throw (DC = 8+your proficiency bonus + your Intelligence modifier). On a failure they must roll on the Messed Up Time Table, experiencing the effect. Any creatures of your choice that you are aware of are immune to the effect. The effects end as soon as they or you leave the area. ",,FALSE,FALSE,FALSE,TRUE,TRUE,FALSE,FALSE,FALSE,FALSE,FALSE,TRUE,TRUE,FALSE,FALSE,FALSE,FALSE
Beguiling Breath,Gem,Jade,"Dragonborn, 10+ Piety with Sardior","When you take the Attack action on your turn, you can replace one of your attacks with an exhalation of magical energy in a 30-foot cone. Each creature in that area must make a Wisdom saving throw (DC=8+your Constitution modifier + your prof. Bonus), or they are charmed by you for one minute. While charmed in this way they cannot lie to you. Undead cannot be immune to this charm.
You may use this ability once per long rest.",,FALSE,FALSE,FALSE,TRUE,TRUE,FALSE,TRUE,FALSE,FALSE,FALSE,FALSE,FALSE,FALSE,FALSE,FALSE,TRUE
Undead Understanding,Gem,Ruby,,"Whenever an Undead creature tries to attack you it must first succeed on a Wisdom saving throw (DC=8+your proficiency bonus + your Intelligence modifier). On a failed save, the undead must choose a new target or lose the attack or spell. This Ability doesn’t protect you from area effects, such as the explosion of a fireball. If you have attacked the undead it has advantage on its saving throw.",,FALSE,FALSE,FALSE,FALSE,TRUE,FALSE,FALSE,FALSE,FALSE,FALSE,FALSE,FALSE,FALSE,FALSE,FALSE,FALSE
Can't die again,Gem,Ruby,Reborn,"Whenever you fail a saving throw that deals enough damage to reduce you to 0 hit points, you may reroll it. ",,FALSE,FALSE,FALSE,FALSE,TRUE,FALSE,TRUE,FALSE,FALSE,FALSE,FALSE,FALSE,FALSE,FALSE,FALSE,FALSE
A bit more dead than alive,Gem,Ruby,Reborn,"Your creature type becomes undead. If damage reduces you to 0 hit points, you must make a Constitution saving throw with a DC of 5+the damage taken, unless the damage is radiant or from a critical hit. On a success, you drop to 1 hit point instead. ",,FALSE,FALSE,FALSE,FALSE,TRUE,FALSE,TRUE,FALSE,FALSE,FALSE,FALSE,FALSE,FALSE,FALSE,FALSE,FALSE
Undead Pals,Gem,Ruby,Reborn,"As an action you may choose an undead with a CR equal to or lower than your proficiency bonus that you can see within 30 feet of you. It must see and hear you. If the undead's Intelligence is 11 or higher, the spell fails. Otherwise, the undead must succeed on a Wisdom saving throw or be charmed by you for an hour. While charmed in this way it becomes non-hostile to your and allies of your choosing. If you or one of your companions harms the target, the effect ends.",,FALSE,FALSE,FALSE,TRUE,TRUE,FALSE,TRUE,FALSE,FALSE,FALSE,FALSE,FALSE,FALSE,FALSE,FALSE,FALSE
Gave you a bit too much,Gem,Ruby,Reborn,"Whenever you heal a creature on your turn you may choose to give them twice the amount of hit points, but you fall unconscious until the start of your next turn. ",,FALSE,TRUE,FALSE,FALSE,TRUE,FALSE,TRUE,FALSE,FALSE,FALSE,FALSE,FALSE,FALSE,FALSE,FALSE,FALSE
"Wait, I remember you...",Gem,Ruby,Reborn,"You may cast Charm Person a number of times equal to your Intelligence modifier per long rest, using Intelligence as your spellcasting ability. When you cast the spell in this way it requires no spell components. ",,FALSE,TRUE,FALSE,FALSE,TRUE,FALSE,TRUE,FALSE,FALSE,FALSE,FALSE,FALSE,FALSE,FALSE,FALSE,FALSE
Secrets of the Allip,Gem,Ruby,,"An Allip has told you part of a great secret that has broken your mind. Whenever you fail a Wisdom, Intelligence or Charisma saving throw, you may choose to succeed instead. However, you do gain a level of exhaustion. ",,FALSE,FALSE,FALSE,FALSE,TRUE,FALSE,FALSE,FALSE,FALSE,FALSE,FALSE,FALSE,FALSE,FALSE,FALSE,FALSE
What even is Reality,Gem,Ruby,,"Whenever a creature has one of the following conditions applied to them you can use your action to change it to one of the others: Deafened, Blinded, Frightened, or Restrained. The duration and additional effects still apply. You may do this once per long rest. ",,FALSE,FALSE,FALSE,TRUE,TRUE,FALSE,FALSE,FALSE,FALSE,FALSE,FALSE,FALSE,FALSE,FALSE,FALSE,FALSE
Loosely bound Soul,Gem,Ruby,Reborn,"Once per long rest when you become incapacitated you can attempt to possess a creature within 30 feet of you. The creature must have a level equal to yours or a CR equal to or less than half your level rounded down. The creature must make a Charisma saving throw (DC = 8+your proficiency bonus + your Intelligence modifier). On a failure, you have full control over them for one minute or until your incapacitated condition ends or your body dies. ",,FALSE,FALSE,FALSE,TRUE,TRUE,FALSE,TRUE,FALSE,FALSE,FALSE,FALSE,FALSE,FALSE,FALSE,FALSE,FALSE
Debilitating Breath,Gem,Sapphire,Sapphire Dragonborn,"When you take the Attack action on your turn, you can replace one of your attacks with an exhalation of magical energy in a 30-foot cone. Each creature in that area must make a Constitution saving throw (DC=8+your Constitution modifier + your prof. Bonus) or be incapacitated until the end of its next turn.
You may use this ability once per long rest.",,FALSE,FALSE,FALSE,TRUE,FALSE,FALSE,TRUE,FALSE,FALSE,FALSE,FALSE,FALSE,FALSE,FALSE,FALSE,FALSE
Physical Prowess Estimation,Gem,Sapphire,,"As a bonus action you can observe the physiology of a creature to get an estimate of their physical state. Make an Intelligence (Medicine) check against their Dexterity score. On a success you learn which of their physical ability scores is the highest and which is the lowest, and whether they have proficiency in any physical saving throws.
You may use this ability a number of times equal to your Intelligence modifier and regain all uses after a long rest.",,FALSE,FALSE,FALSE,FALSE,TRUE,TRUE,FALSE,TRUE,FALSE,FALSE,FALSE,FALSE,TRUE,FALSE,FALSE,FALSE
Sapphire Zoologist,Gem,Sapphire,,As a bonus action you may learn the creature type of a creature you can see. This ability is not able to detect the original creature type of a creature altered by magic (such as polymorph or magic aura).,,FALSE,FALSE,FALSE,FALSE,TRUE,TRUE,FALSE,TRUE,FALSE,FALSE,FALSE,FALSE,FALSE,FALSE,FALSE,FALSE
Sapphire Rest,Gem,Sapphire,No other Rest Traits,"During a short rest, creatures and plants around you become luminescent. Within 300 feet of you any plant or animal sheds dim light in a 20 foot radius that only you and your allies can see. If a creature enters this dim light, the animals and plants shed bright light for you and your allies instead. This effect ends when you leave this 300 foot area.",,FALSE,FALSE,FALSE,FALSE,TRUE,FALSE,FALSE,FALSE,FALSE,FALSE,TRUE,FALSE,FALSE,FALSE,FALSE,FALSE
Can't be outmatched,Gem,Sapphire,,"Whenever you are fighting a creature you may use your bonus action to measure your own physical ability against theirs. Choose one of the following attributes: 
Strength: If the creature's strength score is higher than yours, your Strength modifier increases by 1 for the next minute. If theirs is lower nothing happens. 
Armor Class: If the creature's Armor Class is higher than yours, your armor class increases by 2 for the next minute. If theirs is lower nothing happens. 
Number of hit dice: If you have fewer total hit dice than the creature you may immediately roll one of your hit dice and add your Constitution modifier, regaining this many hit points. You don't spend any hit dice when using this ability. If your total hit dice are lower than theirs nothing happens. 
You may use this ability a number of times equal to your Intelligence modifier and regain all uses after a long rest.",,TRUE,FALSE,FALSE,FALSE,TRUE,FALSE,FALSE,FALSE,FALSE,FALSE,FALSE,FALSE,FALSE,FALSE,FALSE,FALSE
Biological Weakness,Gem,Sapphire,,As a Bonus Action you can make an Intelligence (nature) check about a creature you can see (DC=10+the creatures CR). On a success a 19 is also considered a critical hit against this creature for the next minute and you expend a use. On a failure nothing happens. You may use this ability a number of times equal to your Intelligence modifier and regain all uses after a long rest.,,FALSE,FALSE,FALSE,TRUE,FALSE,TRUE,FALSE,FALSE,FALSE,FALSE,FALSE,FALSE,FALSE,FALSE,FALSE,FALSE
Desiccating Breath,Gem,Topaz,Topaz Dragonborn,"You gain an additional use of your breath weapon. Additionally once per Long Rest you may apply the following effect to your breath in addition to the damage:
Each creature that fails its saving throw is weakened until the end of its next turn. A weakened creature has disadvantage on Strength-based ability checks and Strength saving throws, and the creature's weapon attacks that rely on Strength deal half damage.",,FALSE,FALSE,FALSE,TRUE,TRUE,FALSE,TRUE,FALSE,FALSE,FALSE,FALSE,FALSE,FALSE,FALSE,FALSE,FALSE
Topaz Rest,Gem,Topaz,No other Rest Traits,"During a short rest, the area around you dries up. Any creature that comes within 300 feet of where you are spending your long rest must make a Constitution saving throw (DC=8+your proficiency bonus+your Intelligence modifier). On a failed save they gain 1 level of exhaustion. Creatures that are immune or resistant to necrotic damage automatically succeed on this saving throw. The exhaustion ends as soon as they move further than 300 feet away from the place you are spending your long rest. You may also end the effect on a creature at will. This effect ends on all creatures when you leave this 300 foot area.",,FALSE,FALSE,FALSE,TRUE,FALSE,FALSE,FALSE,FALSE,FALSE,FALSE,TRUE,TRUE,FALSE,FALSE,FALSE,FALSE
Psionic Fighting Expert,Gem,Weapon Mastery,,"If you have advantage on the attack roll and you hit, you may deal an additional 1d4 damage. The damage type of this extra damage can either be force, thunder, psychic, necrotic or radiant (choose when you pick this trait).",,TRUE,FALSE,TRUE,TRUE,FALSE,FALSE,FALSE,FALSE,FALSE,FALSE,FALSE,FALSE,FALSE,FALSE,FALSE,FALSE
Improved Telepathic Link,Gem,,Telepathic Link,"As an action, you can psionically link yourself to a willing creature you share a language with. For the next hour, you can mentally communicate with them as long as you are on the same plane of existence.",,FALSE,FALSE,FALSE,FALSE,FALSE,FALSE,FALSE,FALSE,FALSE,TRUE,FALSE,TRUE,TRUE,FALSE,FALSE,FALSE
Extended Gem Flight,Gem,,"5th Level
Gem Dragonborn",You may now use your Gem Flight ability twice per long rest.,,FALSE,FALSE,FALSE,FALSE,FALSE,FALSE,TRUE,FALSE,FALSE,FALSE,FALSE,TRUE,FALSE,TRUE,FALSE,FALSE
Dragon Wings,Gem,,"5th Level
Gem Dragonborn",Your flying speed while using Gem Flight increases by 30 feet.,,FALSE,FALSE,FALSE,FALSE,FALSE,FALSE,TRUE,FALSE,FALSE,FALSE,FALSE,TRUE,FALSE,TRUE,FALSE,FALSE
Dragon Tortle,Gem,,Gem Shell Resilience,"You gain the Breath Weapon feature from the Gem Dragonborn, but you may only use it a number of times equal to half your proficiency bonus rounded up. The damage type used is the same as the one you picked for Gem Shell Resilience. You also count as this type of dragonborn for the purpose of choosing Orenth traits. ",,FALSE,FALSE,FALSE,TRUE,FALSE,FALSE,TRUE,FALSE,FALSE,TRUE,FALSE,FALSE,FALSE,FALSE,FALSE,FALSE
Infused Gem Lair,Gem,,Gem Kobold,"As a gem kobold you gain certain advantages while in Gem Dragon lairs or areas of high Orenth influence. Depending on the gem type you gain one of the following effects: 

Amethyst: You gain a flying speed equal to your walking speed and you can hover.
Sapphire: You gain a burrow speed equal to your walking speed. This burrow speed allows you to burrow through solid rock.
Emerald: You constantly sense magic around you, as per the Detect Magic spell.
Topaz: You start every turn with a number of temporary hit points equal to your Intelligence modifier (minimum of 1).
Crystal: You gain a portent die whenever you roll initiative. You lose this die when combat ends.
Jade: You can become invisible as an action. Your invisibility ends when you use the Attack or Magic action.",,FALSE,TRUE,FALSE,FALSE,TRUE,FALSE,TRUE,TRUE,FALSE,FALSE,TRUE,TRUE,TRUE,TRUE,FALSE,FALSE
Shaped Breath Weapon,Gem,,Gem Dragonborn,"The size of your breath weapon increases to a 30 foot cone. Additionally whenever you use your breath weapon you may choose to exhale in a 60 foot long, 5 foot wide line instead.",,FALSE,FALSE,FALSE,TRUE,FALSE,FALSE,TRUE,FALSE,FALSE,FALSE,FALSE,FALSE,FALSE,FALSE,FALSE,FALSE
Extreme Exertion,Ingens,Giant,Construct creature type or warforged,"Before you attempt an ability check you may force your body to exert itself beyond its normal limits. You may choose a d4, d6, d8, d10 or d12 and add the result to your ability check. Your hit point maximum is reduced by an amount equal to the value rolled with the extra die. The reduction lasts until you fishish a short rest, during which you must be unconscious. You may use this ability a number of times equal to your Constitution modifier and regain all uses after a long rest. ",,FALSE,FALSE,FALSE,FALSE,FALSE,TRUE,TRUE,FALSE,FALSE,FALSE,FALSE,FALSE,FALSE,FALSE,FALSE,FALSE
Imbued weapon,Ingens,Giant,,As a bonus action you can instill your own martial ability into one of your weapons. Any creature using the weapon can use your ability as if they were you for the next minute. You may use this trait once per long rest. A list of martial abilities can be found in the Tables,,TRUE,FALSE,TRUE,TRUE,TRUE,FALSE,FALSE,FALSE,FALSE,FALSE,FALSE,FALSE,FALSE,FALSE,FALSE,FALSE
In Tune with Stone,Ingens,Giant,Dwarf,Your connection to the earth allows you to sense people around you. You gain tremorsense to a range of 10 feet.,,FALSE,FALSE,FALSE,FALSE,FALSE,TRUE,TRUE,FALSE,FALSE,FALSE,FALSE,TRUE,FALSE,FALSE,FALSE,FALSE
Besieger,Ingens,Giant,Powerful Build feature,"You deal double damage against objects, structures and constructs. ",,FALSE,FALSE,FALSE,TRUE,FALSE,FALSE,TRUE,FALSE,FALSE,TRUE,FALSE,FALSE,FALSE,FALSE,FALSE,FALSE
Constrict,Ingens,Oceanic,Yuan-Ti,You can grapple a creature even if your hands aren't free. ,,TRUE,FALSE,FALSE,TRUE,FALSE,FALSE,TRUE,FALSE,FALSE,FALSE,FALSE,FALSE,FALSE,FALSE,FALSE,FALSE
Hydra Heads,Ingens,Oceanic,,Once per long rest when you take damage equal to three times your level over the course of a single round you channel the power of a hydra. You gain temporary hit points equal to twice your level and while these remain you can make an additional weapon attack on each of your turns and you can take two reactions during a round. ,,TRUE,FALSE,FALSE,TRUE,TRUE,FALSE,FALSE,TRUE,FALSE,FALSE,FALSE,FALSE,FALSE,FALSE,FALSE,FALSE
Close Quarters Combat,Ingens,Weapon Mastery,Exclusive,"Choose a weapon that you have proficiency with that has the Light and Finnesse Property, or your Unarmed Strikes. When you successfully grapple a creature or escape a grapple, you may make a single attack with your weapon or unarmed strike as a bonus action. Additionally, whenever a creature fails to escape a grapple with you, you may make a single attack with your weapon or unarmed strike as a reaction.",,TRUE,FALSE,TRUE,TRUE,FALSE,FALSE,FALSE,FALSE,TRUE,FALSE,FALSE,FALSE,FALSE,FALSE,FALSE,FALSE
Flex,Ingens,Weapon Mastery,Exclusive,"Choose a weapon that you have proficiency with and that has the Versatile Property. When you hit with a melee attack using this weapon, you deal its Versatile damage even if you’re wielding it with one hand.",,TRUE,FALSE,TRUE,TRUE,FALSE,FALSE,FALSE,FALSE,TRUE,FALSE,FALSE,FALSE,FALSE,FALSE,FALSE,FALSE
Sap,Ingens,Weapon Mastery,Exclusive,"Choose a weapon that you have proficiency with that has no properties, or your Unarmed Strike. If you hit a creature with this weapon or your unarmed strike, that creature has Disadvantage on its next attack roll before the start of your next turn. ",,TRUE,FALSE,TRUE,FALSE,TRUE,FALSE,FALSE,FALSE,TRUE,FALSE,FALSE,FALSE,FALSE,FALSE,FALSE,FALSE
Slow,Ingens,Weapon Mastery,Exclusive,"Choose a weapon that you have proficiency with or your Unarmed Strike. If you hit a creature with this weapon and deal damage to the creature, you can reduce its Speed by 10 feet until the start of your next turn. If you hit the creature more than once with this property, the Speed reduction doesn’t exceed 10 feet.",,TRUE,FALSE,TRUE,TRUE,FALSE,FALSE,FALSE,FALSE,TRUE,FALSE,FALSE,FALSE,FALSE,TRUE,FALSE,FALSE
Strangle,Ingens,Weapon Mastery,Exclusive,"Choose a weapon with a string or chain (Flail, shortbow, sling, whip, longbow) or your Unarmed Strike. While wielding this weapon, you may attempt to grapple a creature (no more than one size larger than you) by looping the chain or rope of your weapon around its neck. While grappled in this way, the creature cannot speak, cannot breathe, and has disadvantage on attack rolls against you. If you surprised the creature with this grapple, it cannot hold its breath and immediately begins suffocating.
Creatures that you cannot grapple or do not need to breathe are unaffected.
If a creature has a Breath weapon or similar damage dealing ability, the amount of dice its breath weapon deals goes down by one whenever it starts its turn being strangled. Its breath weapon goes back to normal when it is no longer being strangled. ",,TRUE,FALSE,TRUE,TRUE,FALSE,FALSE,FALSE,FALSE,TRUE,FALSE,FALSE,FALSE,FALSE,FALSE,FALSE,FALSE
Lock Blades,Ingens,Weapon Mastery,Exclusive,"Choose a weapon that you have proficiency with that has the Versatile property. When a creature attacks you with a melee weapon attack that deals bludgeoning, piercing or slashing damage while you are wielding this weapon, you may use your reaction to attempt to lock blades and parry their attack. Make an attack roll with your weapon. You have advantage on this roll if you are wielding your weapon with two hands. If the result of this roll equals or exceeds their attack roll, their attack misses.",,TRUE,FALSE,TRUE,FALSE,TRUE,FALSE,FALSE,FALSE,TRUE,FALSE,FALSE,FALSE,FALSE,FALSE,FALSE,FALSE
Cleave,Ingens,Weapon Mastery,Exclusive,"Choose a melee weapon you have proficiency with that has the heavy property. 
If you hit a creature with a melee attack using this weapon, you can make an attack roll with the weapon against a second creature within 5 feet of the first that is also within your reach. On a hit, the second creature takes the weapon’s damage, but don’t add your ability modifier to that damage, unless that modifier is negative. You can make this extra attack only once per turn.",,TRUE,FALSE,TRUE,TRUE,FALSE,FALSE,FALSE,FALSE,TRUE,FALSE,FALSE,FALSE,FALSE,FALSE,FALSE,FALSE
Weapon Mastered: Push,Ingens,Weapon Mastery,Push Orenth Trait,"Whenever you push a creature with your Push Orenth Trait, you may also push any creature within 10 feet of them. ",,TRUE,FALSE,TRUE,TRUE,FALSE,FALSE,FALSE,FALSE,TRUE,TRUE,FALSE,FALSE,FALSE,TRUE,FALSE,FALSE
Weapon Mastered: Cleave,Ingens,Weapon Mastery,Cleave Orenth Trait,You may attack up to 2 creatures within reach whenever you use your Cleave Orenth trait. ,,TRUE,FALSE,TRUE,TRUE,FALSE,FALSE,FALSE,FALSE,TRUE,TRUE,FALSE,FALSE,FALSE,FALSE,FALSE,FALSE
Weapon Mastered: Fearsome Accuracy,Ingens,Weapon Mastery,Fearsome Accuracy Orenth Trait,You can use your Fearsome Accuracy Orenth Trait while the target is anywhere in your long range. ,,TRUE,FALSE,TRUE,TRUE,FALSE,FALSE,FALSE,FALSE,TRUE,TRUE,FALSE,FALSE,FALSE,FALSE,FALSE,FALSE
Weapon Mastered: Grinding Halt,Ingens,Weapon Mastery,Grinding Halt Orenth Trait,"While wielding the weapon that your Grinding Halt Orenth Trait applies to you cannot be moved against your will. Whenever someone attempts to move you against your will, you can use your reaction to move them in the opposite direction instead. ",,TRUE,FALSE,TRUE,FALSE,TRUE,FALSE,FALSE,FALSE,TRUE,TRUE,FALSE,FALSE,FALSE,TRUE,FALSE,FALSE
Weapon Mastered: Lock Blades.,Ingens,Weapon Mastery,Lock Blades Orenth Trait,Whenever you use your Lock Blades Orenth trait and you beat the attack roll by more than 5 you do not use your reaction. ,,TRUE,FALSE,TRUE,FALSE,TRUE,FALSE,FALSE,FALSE,TRUE,TRUE,FALSE,FALSE,FALSE,FALSE,FALSE,FALSE
Weapon Lord,Ingens,Weapon Mastery,Flexible Mastery Orenth Trait,After a Long Rest you may change out one of your Orenth Traits that has the Weapon Mastery Subtype for a different Orenth Trait that has the Weapon Mastery Subtype. ,,TRUE,FALSE,TRUE,FALSE,FALSE,FALSE,FALSE,FALSE,FALSE,TRUE,TRUE,FALSE,FALSE,FALSE,FALSE,FALSE
Weapon Training,Ingens,Weapon Mastery,,"As a downtime activity, you can attempt to master more weapons. With this Orenth trait you can gain access to more Ingens Orenth traits with the Weapon Mastery subtype and the Exclusive prerequisite. The way to train a new mastery follows the Training Downtime Activity from Xanathar's guide, but the time it takes to get this new Orenth trait is a number of workweeks equal to (10-minus your choice of your Constitution, Strength or Dexterity modifier)*10. You must already have an Exclusive Orenth Trait with the Weapon Mastery subtype of this tier in order to get access to a new one. Once you have gained a new weapon mastery you may only change it to a different Exclusive Weapon Mastery Orenth trait whenever you may change Orenth traits and you must always have a second Exclusive Weapon Mastery Orenth trait of this tier. ",,TRUE,FALSE,TRUE,FALSE,FALSE,FALSE,FALSE,FALSE,FALSE,FALSE,TRUE,FALSE,FALSE,FALSE,TRUE,FALSE
Fast Reactions,Ingens,Weapon Mastery,,Initiative now counts as a skill for you. You may gain proficiency or expertise in it away from another skill when you pick this orenth trait.,,FALSE,FALSE,FALSE,FALSE,FALSE,TRUE,FALSE,FALSE,FALSE,FALSE,FALSE,FALSE,FALSE,FALSE,FALSE,FALSE
Resourceful Weapon Master,Ingens,Weapon Mastery,,"You can put any weapon mastery on any weapon, even if they don't meet the requirements. When you pick this trait you may swap the weapon any of your weapon masteries apply to. ",,TRUE,FALSE,TRUE,FALSE,FALSE,FALSE,FALSE,FALSE,FALSE,FALSE,FALSE,FALSE,FALSE,FALSE,TRUE,FALSE
Jabber,Ingens,Weapon Mastery,Exclusive,Choose a weapon that you are proficient in that has the Finesse or the Light property. When you ready an attack or make an opportunity attack with this weapon you may use your Extra Attack feature as a reaction. ,,TRUE,FALSE,TRUE,TRUE,FALSE,FALSE,FALSE,FALSE,TRUE,FALSE,FALSE,FALSE,FALSE,FALSE,FALSE,FALSE
Mythical Weapons,Ingens,Weapon Mastery,An Exclusive Weapon Mastery Orenth Trait,"Choose a weapon that has an Exclusive Weapon Mastery Orenth trait applied to it. Whenever you deal bludgeoning, piercing or slashing damage with this weapon you may deal force damage instead. ",,TRUE,FALSE,TRUE,TRUE,FALSE,FALSE,FALSE,FALSE,TRUE,TRUE,FALSE,FALSE,FALSE,FALSE,FALSE,FALSE
Bloody Wound,Ingens,Weapon Mastery,Exclusive,"Choose a weapon that you have proficiency with that has the light and finesse properties. Whenever you hit a creature with a melee weapon attack you may choose to deal no weapon damage, but give them a Bloody Wound instead. While the creature has the Bloody Wound they take 1d4 slashing damage at the start of each of their turns, until they use an action to make a DC 10 Wisdom (Medicine) check or regain any hit points. A creature can have only one Bloody Wound at a time. ",,TRUE,FALSE,TRUE,TRUE,FALSE,FALSE,FALSE,FALSE,TRUE,FALSE,FALSE,FALSE,FALSE,FALSE,FALSE,FALSE
Weapon Mastered: Crushing Blow,Ingens,Weapon Mastery,Crushing Blow,You can make the attack as part of your attack action instead of as an action. ,,TRUE,FALSE,TRUE,TRUE,FALSE,FALSE,FALSE,FALSE,TRUE,FALSE,FALSE,FALSE,FALSE,FALSE,FALSE,FALSE
Repel Charge,Ingens,Weapon Mastery,Exclusive,"Choose a weapon that you have proficiency with that has the Heavy, Two-Handed and Reach properties. Whenever a creature moves at least 15 feet straight towards you into your reach, you may use your reaction to make a weapon attack against the creature. On a hit they must also make a Strength saving throw (DC = 8 + prof. bonus + your Strength modifier) or be pushed away 15 feet if they are no more than one size larger than you. ",,TRUE,FALSE,TRUE,FALSE,TRUE,FALSE,FALSE,FALSE,TRUE,FALSE,FALSE,FALSE,FALSE,FALSE,FALSE,FALSE
Weapon Masterd: Repel Charge,Ingens,Weapon Mastery,Repel Charge,Whenever you hit with your Repel Charge attack you may treat the attack as a critical hit. ,,TRUE,FALSE,TRUE,FALSE,TRUE,FALSE,FALSE,FALSE,TRUE,TRUE,FALSE,FALSE,FALSE,FALSE,FALSE,FALSE
Broken Weapon and Bones,Ingens,Weapon Mastery,Exclusive,"Choose a simple or improvised melee weapon that you have proficiency with that deals bludgeoning damage. As an action you can choose to make a single weapon attack. If you hit the creature it is considered a critical hit. Whenever you do so, your weapon breaks. ",,TRUE,FALSE,TRUE,TRUE,FALSE,FALSE,FALSE,FALSE,TRUE,FALSE,FALSE,FALSE,FALSE,FALSE,FALSE,FALSE
Weapon Mastered: Broken Weapon and Bones,Ingens,Weapon Mastery,Broken Weapon and Bones,You can make the attack as part of your attack action instead of as an action. ,,TRUE,FALSE,TRUE,TRUE,FALSE,FALSE,FALSE,FALSE,TRUE,FALSE,FALSE,FALSE,FALSE,FALSE,FALSE,FALSE
The Indomitable Human Spirit,Ingens,,The Human Spirit,You gain the ability to share your hope with others. You can now grant a number of creatures equal to your proficiency bonus a point of inspiration which lasts until you finish a long rest or you use it.,,FALSE,FALSE,FALSE,FALSE,TRUE,FALSE,TRUE,FALSE,FALSE,TRUE,FALSE,FALSE,FALSE,FALSE,FALSE,FALSE
Human Adaptibility,Ingens,,Human,"Your ability to adapt to the world around you has begun to manifest itself within your own connection to the world. When you finish a short rest, you can switch out one of your Orenth Traits. After the switch, your other Orenth traits should still fulfil their original requirements. You cannot switch out this trait using this feature. For example, when you have a Tier 1 Fey Orenth and a Tier 2 Fey Orenth you cannot switch the tier 1 Fey Orenth for a different Orenth. ",,FALSE,FALSE,FALSE,FALSE,FALSE,FALSE,FALSE,FALSE,FALSE,FALSE,TRUE,FALSE,FALSE,FALSE,TRUE,FALSE
Extremely Stubborn,Ingens,,Stubborn,You gain the stubborn orenth trait.,,FALSE,FALSE,FALSE,FALSE,FALSE,FALSE,FALSE,FALSE,FALSE,TRUE,FALSE,FALSE,FALSE,FALSE,TRUE,FALSE
Brass Rest,Metallic,Brass,No other Rest Traits,"While you are resting people become inclined to have peaceful and interesting conversations. Any creatures that come within 300 feet of the location where you are spending your short rest become charmed if they fail a Wisom save (DC = 8 + your proficiency bonus + your Charisma modifier) by you and any creature of your choice. While charmed in this way they are inclined to overshare and have interesting conversations. If you or your allies attack the charmed creature or an ally of the charmed creature they can repeat their saving throw. Any creatures of your choice are immune to this effect, and the effect ends as soon as you move out of the area. ",,FALSE,FALSE,FALSE,FALSE,TRUE,FALSE,FALSE,FALSE,FALSE,FALSE,TRUE,TRUE,FALSE,FALSE,FALSE,FALSE
Blue Dragon Adversary,Metallic,Brass,,You gain resistance to Lightning damage and advantage on saving throws made against effects that deal lightning damage. Additionally you have advantage on saving throws imposed by Blue Dragons. ,,FALSE,FALSE,FALSE,FALSE,TRUE,FALSE,FALSE,FALSE,FALSE,FALSE,FALSE,FALSE,FALSE,FALSE,FALSE,FALSE
Thorny Friends,Metallic,Brass,,You can speak with cacti and desert animals. ,,FALSE,FALSE,FALSE,FALSE,FALSE,TRUE,FALSE,FALSE,FALSE,FALSE,FALSE,TRUE,TRUE,FALSE,FALSE,FALSE
Bronze Rest,Metallic,Bronze,No other Rest Traits,"While resting you protect yourself and those around you. While taking a short rest you and any creature of your choice that you are aware of gain a +2 bonus to their armour class, as long as they remain within 300 feet of where you are taking your long rest. This effect ends as soon as you leave this area. ",,FALSE,FALSE,FALSE,FALSE,TRUE,FALSE,FALSE,FALSE,FALSE,FALSE,TRUE,TRUE,TRUE,FALSE,FALSE,FALSE
John Wick,Metallic,Bronze,A mount or a summoned creature. ,"After your mount or summon is reduced to 0 hit points you gain the following benefits for the next minute: You gain resistance to bludgeoning, piercing and slashing damage. Once after you reduce a creature to 0 hit points you can force any creature within 30 feet of you to make a wisdom save (DC = 8+your proficiency bonus+your Constitution modifier) or become frightened of you for the next minute. They can repeat their saving throw at the end of their turns. You can get these benefits once per long rest. ",,FALSE,FALSE,FALSE,TRUE,FALSE,FALSE,FALSE,FALSE,FALSE,TRUE,FALSE,FALSE,FALSE,FALSE,FALSE,FALSE
Proficient in Protection,Metallic,Bronze,,Whenever you gain expertise in a skill you may choose to gain proficiency in a saving throw instead.,,FALSE,FALSE,FALSE,FALSE,TRUE,TRUE,FALSE,FALSE,FALSE,FALSE,FALSE,FALSE,FALSE,FALSE,FALSE,FALSE
Copper Rest,Metallic,Copper,no other Rest Traits,"Your presence inspires those that rest alongside you. Any creature of your choice within 300 feet of where you spend your short rest gains a Copper Inspiration die. The die is a 1d4 when you are level 1, and increases in size each time your proficiency bonus increases. This die can be added to any d20 check. The Copper Inspiration die lasts for 24 hours after the creature leaves the area you spent the short rest in. ",,FALSE,FALSE,FALSE,FALSE,FALSE,TRUE,FALSE,FALSE,FALSE,FALSE,TRUE,TRUE,TRUE,FALSE,FALSE,FALSE
Unfunne Man,Metallic,Copper,Funne Man,Whenever you make a pun you can give any creature that cringed or groaned psychic damage equal to your Charisma modifier. You may use this ability a number of times equal to your Charisma modifier and regain all uses after a Long Rest. You can still make puns even if you have no more uses remaining. ,,FALSE,FALSE,FALSE,TRUE,FALSE,FALSE,FALSE,TRUE,FALSE,FALSE,FALSE,FALSE,TRUE,FALSE,FALSE,FALSE
Golden Rest,Metallic,Gold,No other Rest Traits,Your goodness shines through even while you rest. While taking a short rest elementals and evil aligned creatures within a range of 300 feet have their hit point maximum decreased by an amount equal to your Charisma modifier times your Proficiency Bonus. As soon as you or them leave this area the reduction ends. ,,FALSE,FALSE,FALSE,TRUE,FALSE,FALSE,FALSE,FALSE,FALSE,FALSE,TRUE,TRUE,TRUE,FALSE,FALSE,FALSE
Moonstone Rest,Metallic,Moonstone,No other Rest Traits and a Tier 1 Fey Orenth Trait,"When you start your rest, so does the world around you. Any creature that comes within 300 feet of where you are taking your short rest must make a Wisdom saving throw  (DC = 8+your proficiency bonus + your Charisma modifier). On a failed save they fall unconscious until your rest ends. Creatures that have immunity to magical sleep or do not need to sleep are not affected. The effect ends an hour after you leave the area. ",,FALSE,FALSE,FALSE,TRUE,TRUE,FALSE,FALSE,FALSE,FALSE,TRUE,TRUE,TRUE,TRUE,FALSE,FALSE,FALSE
Shiny Scales,Metallic,Platinum,Metallic Dragonborn,Whenever you take radiant damage you can use your reaction to reflect it back towards your attacker. You take no damage and instead for the attacker to make a Dexterity saving throw (DC=8+your proficiency bonus+your Charisma modifier). On a failed save they take the radiant damage instead. You may use this ability a number of times equal to your Charisma modifier and regain all uses at the end of a long rest. ,,FALSE,FALSE,FALSE,FALSE,TRUE,FALSE,TRUE,FALSE,FALSE,FALSE,FALSE,FALSE,FALSE,FALSE,FALSE,FALSE
Focused Healing,Metallic,Silver,,"As a reaction to an ability that restores hit points being cast within 60 feet of you, you may make a Charisma (Medicine) check (DC=10+twice the amount of dice that would be healed). On a success you can heal the maximum amount of each die instead of rolling. ",,FALSE,TRUE,FALSE,TRUE,FALSE,TRUE,FALSE,FALSE,FALSE,FALSE,FALSE,FALSE,FALSE,FALSE,FALSE,FALSE
Silver Rest,Metallic,Silver,No other Rest Traits,Your presence heals those that rest alongside you. The hit point maximum of any creature of your choice within 300 feet of where you spend your short rest increases by your Charisma modifier. The increase lasts until they finish a short rest without you. ,,FALSE,FALSE,FALSE,FALSE,FALSE,FALSE,FALSE,FALSE,FALSE,FALSE,FALSE,FALSE,FALSE,FALSE,FALSE,FALSE
Bronze Duelling,Metallic,Weapon Mastery,Exclusive,"You get the benefits of the Deflective Weapons Orenth Trait with the following changes: The die is a d6 instead of a d4. Additionally, whenever you use the feature you also gain temporary hit points equal to the number rolled on the d6. ",,TRUE,FALSE,TRUE,FALSE,TRUE,FALSE,FALSE,FALSE,TRUE,FALSE,FALSE,FALSE,FALSE,FALSE,FALSE,FALSE
Metallic Fighting Expert,Metallic,Weapon Mastery,,"If you have advantage on the attack roll and you hit, you may deal an additional 1d4 damage. The damage type of this extra damage can either be radiant, fire, lightning, acid or cold (choose when you pick this trait).",,TRUE,FALSE,TRUE,TRUE,FALSE,FALSE,FALSE,FALSE,FALSE,FALSE,FALSE,FALSE,FALSE,FALSE,FALSE,FALSE
Bane of Evil,Metallic,Weapon Mastery,Exclusive,You gain the benefits of the Fearsome Accuracy Orenth trait. Any creature that has an evil alignment has disadvantage on the saving throw. ,,TRUE,FALSE,TRUE,TRUE,FALSE,FALSE,FALSE,FALSE,TRUE,FALSE,FALSE,FALSE,FALSE,FALSE,FALSE,FALSE
Defence is the best Offence,Metallic,Weapon Mastery,Exclusive,"You gain the benefits of the Deflective Weapons Orenth trait. Additionally, the next time you hit the creature that attacked you, you may deal additional damage equal to the die you rolled to deflect the attack. ",,TRUE,FALSE,TRUE,TRUE,TRUE,FALSE,FALSE,FALSE,TRUE,FALSE,FALSE,FALSE,FALSE,FALSE,FALSE,FALSE
Bronze Shield,Metallic,Weapon Mastery,Exclusive,"You gain the benefits of the Deflective Weapons Orenth trait. Additionally, you may also use the ability on a creature within 5 feet of you when they are attacked, possibly shielding them. ",,TRUE,FALSE,TRUE,TRUE,TRUE,FALSE,FALSE,FALSE,TRUE,FALSE,FALSE,FALSE,FALSE,FALSE,FALSE,FALSE
Legendary Warrior,Metallic,Weapon Mastery,,"Whenever a creature uses a legendary action, you may use your reaction make a single weapon attack. ",,TRUE,FALSE,FALSE,FALSE,FALSE,FALSE,FALSE,FALSE,FALSE,FALSE,FALSE,FALSE,FALSE,FALSE,FALSE,FALSE
Enhanced Celestial Revelation,Metallic,,Aasimar,You may now use your revelation twice per long rest.,,FALSE,FALSE,FALSE,FALSE,FALSE,FALSE,TRUE,FALSE,FALSE,FALSE,FALSE,FALSE,FALSE,FALSE,FALSE,FALSE
Hands of Superior Healing,Metallic,,Hands of Greater Healing,You may roll d8s instead of d6s whenever you use your Healing Hands ability. Additionally you can use this trait once per short rest instead of once per long rest. ,,FALSE,FALSE,FALSE,FALSE,TRUE,FALSE,TRUE,FALSE,FALSE,FALSE,FALSE,FALSE,FALSE,FALSE,FALSE,FALSE
Movement of the Moons,Other,,"Access to Chromatic, Metallic and Gem Orenth","Whenever you finish a Short rest you may change any Chromatic, Metallic or Gem Orenth trait you have. They must still be Chromatic, Metallic or Gem Orenth traits. ",,FALSE,FALSE,FALSE,FALSE,FALSE,FALSE,FALSE,FALSE,FALSE,FALSE,TRUE,FALSE,FALSE,FALSE,TRUE,FALSE
General Worshipper,Other,,,"Whenever you gain enough piety to get a new feature with Bahamut, Tiamat or Sardior, you may pick a feature from a different church, cult or school than the one you are following, but it must still be from the same diety. ",The orenth type depends on the diety you worship. ,FALSE,FALSE,FALSE,FALSE,FALSE,FALSE,FALSE,FALSE,FALSE,FALSE,FALSE,FALSE,FALSE,FALSE,FALSE,TRUE
Brass Winds,Metallic,Brass,,On your turn you may forgo using your movement to move and instead move a willing creature up to your movement in a straight line in a direction of your choice. You may use this ability a number of times equal to your Charisma modifier and regain all uses after a Long Rest,,FALSE,TRUE,FALSE,FALSE,FALSE,FALSE,FALSE,FALSE,FALSE,FALSE,FALSE,FALSE,FALSE,TRUE,FALSE,FALSE
Altered Schools,Cosmic,Spell Mastery,,"When you finish a long rest choose a spell that you can cast, you can change the spell school of this spell to another whenever you finish a long rest.",Jones disagrees,FALSE,TRUE,FALSE,TRUE,TRUE,FALSE,FALSE,TRUE,FALSE,FALSE,FALSE,FALSE,FALSE,FALSE,FALSE,FALSE
Hit point Permanency,Metallic,Spell Mastery,Exclusive,Choose a spell that you can cast that gives a creature temporary hit points. Temporary hit points from other sources may stack with the temporary hit points from the spell you cast. You decide which source of temporary hit points gets depleted first. ,,FALSE,FALSE,FALSE,FALSE,FALSE,FALSE,FALSE,FALSE,FALSE,FALSE,FALSE,FALSE,FALSE,FALSE,FALSE,FALSE
Martial Mentor,Ingens,Weapon Mastery,An Exclusive Weapon Mastery trait,You can take the help action as a bonus action when helping a creature that is wielding a weapon that your weapon mastery can apply to. ,,FALSE,FALSE,FALSE,FALSE,FALSE,FALSE,FALSE,FALSE,FALSE,FALSE,FALSE,FALSE,FALSE,FALSE,FALSE,FALSE
Generalized Mastery,Ingens,Weapon Mastery,,"Any weapon mastery trait you have applies to all weapons that meet the prerequisites for it. A weapon cannot have more than 1 trait applied to it at a time, even if other Orenth traits would allow this. ",,FALSE,FALSE,FALSE,FALSE,FALSE,FALSE,FALSE,FALSE,FALSE,FALSE,FALSE,FALSE,FALSE,FALSE,FALSE,FALSE
Blessed,Metallic,,,Whenever you finish a long rest you can choose one blessing that recharges. Discuss with your DM whenever you get a blessing or a blessing-like ability. ,,FALSE,FALSE,FALSE,FALSE,FALSE,FALSE,FALSE,FALSE,FALSE,FALSE,FALSE,FALSE,FALSE,FALSE,FALSE,FALSE
Sunrise,Ingens,,,You have advantage on saving throws made against being blinded and you gain resistance against radiant damage. ,,FALSE,FALSE,FALSE,FALSE,FALSE,FALSE,FALSE,FALSE,FALSE,FALSE,FALSE,FALSE,FALSE,FALSE,FALSE,FALSE
Sunset,Ingens,,,You have advantage on saving throws made against the exhausted condition and you gain resistance against necrotic damage. ,,FALSE,FALSE,FALSE,FALSE,FALSE,FALSE,FALSE,FALSE,FALSE,FALSE,FALSE,FALSE,FALSE,FALSE,FALSE,FALSE
Handfasting,Ingens,,,"You bind yourself to another person. This other person must also have this trait. Whenever you finish a short rest together you may pick one of the following benefits: 
Your maximum hp increased by your partners level. 
You gain advantage on Wisdom saving throws. 
You can add 1d4 to any Wisdom, Intelligence or Charisma ability check made while the other person is within 10 feet of you. ",,FALSE,FALSE,FALSE,FALSE,FALSE,FALSE,FALSE,FALSE,FALSE,FALSE,FALSE,FALSE,FALSE,FALSE,FALSE,FALSE
Spiritual Connection,Ingens,,,Once per night you may cast Speak with Dead. ,,FALSE,FALSE,FALSE,FALSE,FALSE,FALSE,FALSE,FALSE,FALSE,FALSE,FALSE,FALSE,FALSE,FALSE,FALSE,FALSE